,RecordID,StateCode,LabelerCode,ProductCode,PackageSize,PeriodCovered,FDAListName,UnitsReimbursed,NumberRx,TotalAmountReimbursed,MedicaidAmountReimbursed,Non-MedicaidAmountReimbursed
123602,FFSU,XX,68084.0,564.0,01,20121.0,ATORVASTAT,30.0,1.0,112.11,112.11,0.0
123603,FFSU,XX,68084.0,564.0,01,20122.0,ATORVASTAT,138.0,8.0,458.9,458.9,0.0
123604,FFSU,XX,68084.0,564.0,01,20123.0,ATORVASTAT,512.0,26.0,882.18,852.38,29.8
123605,FFSU,XX,68084.0,564.0,01,20124.0,ATORVASTAT,1103.0,61.0,745.75,700.05,45.7
123606,FFSU,XX,68084.0,564.0,11,20124.0,ATORVASTAT,120.0,4.0,83.52,32.07,51.45
243694,MCOU,XX,68084.0,564.0,1.0,20124.0,ATORVASTAT,128.0,8.0,2240.26,2240.23,0.03
123607,FFSU,XX,68084.0,565.0,01,20121.0,ATORVASTAT,30.0,1.0,155.99,155.99,0.0
123608,FFSU,XX,68084.0,565.0,01,20122.0,ATORVASTAT,366.0,11.0,1887.74,1887.74,0.0
123609,FFSU,XX,68084.0,565.0,01,20123.0,ATORVASTAT,864.0,34.0,1336.16,1329.16,7.0
123610,FFSU,XX,68084.0,565.0,01,20124.0,ATORVASTAT,1306.0,55.0,942.23,913.23,29.0
123611,FFSU,XX,68084.0,565.0,11,20123.0,ATORVASTAT,30.0,1.0,28.0,28.0,0.0
123612,FFSU,XX,68084.0,565.0,11,20124.0,ATORVASTAT,212.0,8.0,139.02,139.02,0.0
243695,MCOU,XX,68084.0,565.0,1.0,20121.0,ATORVASTAT,30.0,1.0,143.61,143.61,0.0
243696,MCOU,XX,68084.0,565.0,1.0,20122.0,ATORVASTAT,30.0,1.0,133.68,133.68,0.0
243697,MCOU,XX,68084.0,565.0,1.0,20123.0,ATORVASTAT,182.0,7.0,217.14,217.14,0.0
243698,MCOU,XX,68084.0,565.0,1.0,20124.0,ATORVASTAT,393.0,15.0,6133.89,6133.89,0.0
123637,FFSU,XX,68084.0,589.0,01,20123.0,ATORVASTAT,390.0,13.0,461.2,461.2,0.0
123638,FFSU,XX,68084.0,589.0,01,20124.0,ATORVASTAT,823.0,34.0,663.79,647.79,16.0
123639,FFSU,XX,68084.0,589.0,11,20123.0,ATORVASTAT,120.0,4.0,111.99,111.99,0.0
123640,FFSU,XX,68084.0,589.0,11,20124.0,ATORVASTAT,511.0,18.0,320.8,320.8,0.0
243708,MCOU,XX,68084.0,589.0,1.0,20124.0,ATORVASTAT,210.0,7.0,189.94,186.94,3.0
45144,FFSU,XX,591.0,3774.0,10,20121.0,ATORVASTAT,1725.0,59.0,5119.1,4964.38,154.72
45145,FFSU,XX,591.0,3774.0,10,20122.0,ATORVASTAT,9573.0,331.0,25332.41,24675.61,656.8
45146,FFSU,XX,591.0,3774.0,10,20123.0,ATORVASTAT,25245.0,828.0,26332.38,25916.35,416.03
45147,FFSU,XX,591.0,3774.0,10,20124.0,ATORVASTAT,38889.0,1268.0,30333.69,29460.0,873.69
45148,FFSU,XX,591.0,3774.0,19,20121.0,ATORVASTAT,272762.0,8419.0,886983.1,864384.41,22598.69
45149,FFSU,XX,591.0,3774.0,19,20122.0,ATORVASTAT,326589.0,10062.0,976821.19,957051.19,19770.0
45150,FFSU,XX,591.0,3774.0,19,20123.0,ATORVASTAT,508172.5,15584.0,600133.55,581363.85,18769.7
45151,FFSU,XX,591.0,3774.0,19,20124.0,ATORVASTAT,444821.5,13769.0,282072.55,269560.03,12512.52
170545,MCOU,XX,591.0,3774.0,10,20121.0,ATORVASTAT,35621.71,1150.0,99528.89,99523.39,5.5
170546,MCOU,XX,591.0,3774.0,10,20122.0,ATORVASTAT,36493.0,1233.0,90763.22,90612.64,150.58
170547,MCOU,XX,591.0,3774.0,10,20123.0,ATORVASTAT,47338.0,1589.0,41267.3,41005.18,262.12
170548,MCOU,XX,591.0,3774.0,10,20124.0,ATORVASTAT,63860.935,2209.0,51676.88,51637.68,39.2
170549,MCOU,XX,591.0,3774.0,19,20121.0,ATORVASTAT,641003.704,20874.0,1822803.31,1818593.64,4209.67
170550,MCOU,XX,591.0,3774.0,19,20122.0,ATORVASTAT,678994.0,23068.0,1802613.37,1777083.44,25529.93
170551,MCOU,XX,591.0,3774.0,19,20123.0,ATORVASTAT,673050.5,22494.0,722662.79,720348.38,2314.41
170552,MCOU,XX,591.0,3774.0,19,20124.0,ATORVASTAT,611763.824,20743.0,543648.56,542351.38,1297.18
45152,FFSU,XX,591.0,3775.0,10,20121.0,ATORVASTAT,3033.0,103.0,15082.14,14600.66,481.48
45153,FFSU,XX,591.0,3775.0,10,20122.0,ATORVASTAT,10096.0,336.0,38831.92,37351.18,1480.74
45154,FFSU,XX,591.0,3775.0,10,20123.0,ATORVASTAT,29038.0,960.0,55756.61,54470.2,1286.41
45155,FFSU,XX,591.0,3775.0,10,20124.0,ATORVASTAT,67674.0,2140.0,61772.83,60028.84,1743.99
45156,FFSU,XX,591.0,3775.0,19,20121.0,ATORVASTAT,429646.001,13170.0,1950300.92,1912848.32,37452.6
45157,FFSU,XX,591.0,3775.0,19,20122.0,ATORVASTAT,456389.0,13981.0,1888128.79,1853846.93,34281.86
45158,FFSU,XX,591.0,3775.0,19,20123.0,ATORVASTAT,736572.0,22433.0,1131665.32,1102271.28,29394.04
45159,FFSU,XX,591.0,3775.0,19,20124.0,ATORVASTAT,613940.501,19006.0,489748.6,470075.25,19673.35
170553,MCOU,XX,591.0,3775.0,10,20121.0,ATORVASTAT,37984.22,1233.0,153982.78,153978.78,4.0
170554,MCOU,XX,591.0,3775.0,10,20122.0,ATORVASTAT,43524.0,1456.0,150707.37,149716.93,990.44
170555,MCOU,XX,591.0,3775.0,10,20123.0,ATORVASTAT,60581.0,2020.0,75028.55,74712.79,315.76
170556,MCOU,XX,591.0,3775.0,10,20124.0,ATORVASTAT,80124.0,2661.0,97898.24,97662.44,235.8
170557,MCOU,XX,591.0,3775.0,19,20121.0,ATORVASTAT,785748.666,25900.0,3157075.52,3151391.79,5683.73
170558,MCOU,XX,591.0,3775.0,19,20122.0,ATORVASTAT,871111.4990000001,29507.0,3212467.6,3167727.39,44740.21
170559,MCOU,XX,591.0,3775.0,19,20123.0,ATORVASTAT,867737.0,29020.0,1305603.46,1301802.98,3800.48
170560,MCOU,XX,591.0,3775.0,19,20124.0,ATORVASTAT,804651.9720000001,26978.0,1009402.73,1008017.63,1385.1
45160,FFSU,XX,591.0,3776.0,5,20121.0,ATORVASTAT,5368.0,181.0,25720.35,25058.8,661.55
45161,FFSU,XX,591.0,3776.0,5,20122.0,ATORVASTAT,10384.0,356.0,42298.99,40989.23,1309.76
45162,FFSU,XX,591.0,3776.0,5,20123.0,ATORVASTAT,24801.0,812.0,48430.94,47709.11,721.83
45163,FFSU,XX,591.0,3776.0,5,20124.0,ATORVASTAT,64026.5,1994.0,67172.0,65816.75,1355.25
45164,FFSU,XX,591.0,3776.0,19,20121.0,ATORVASTAT,455042.0,14091.0,2084061.56,2044466.32,39595.24
45165,FFSU,XX,591.0,3776.0,19,20122.0,ATORVASTAT,449126.0,13738.0,1865505.91,1829544.38,35961.53
45166,FFSU,XX,591.0,3776.0,19,20123.0,ATORVASTAT,710607.0,21525.0,1049304.67,1018299.07,31005.6
45167,FFSU,XX,591.0,3776.0,19,20124.0,ATORVASTAT,566973.5,17397.0,468070.57,447613.23,20457.34
170561,MCOU,XX,591.0,3776.0,5,20121.0,ATORVASTAT,25866.34,856.0,108069.51,107904.64,164.87
170562,MCOU,XX,591.0,3776.0,5,20122.0,ATORVASTAT,36228.0,1232.0,166639.47,165759.87,879.6
170563,MCOU,XX,591.0,3776.0,5,20123.0,ATORVASTAT,52923.0,1774.0,76087.85,75926.85,161.0
170564,MCOU,XX,591.0,3776.0,5,20124.0,ATORVASTAT,79048.97,2671.0,98435.6,98266.4,169.2
170565,MCOU,XX,591.0,3776.0,19,20121.0,ATORVASTAT,747519.507,25321.0,3136217.83,3130859.64,5358.19
170566,MCOU,XX,591.0,3776.0,19,20122.0,ATORVASTAT,941283.0009999999,32590.0,3617703.28,3583795.5,33907.78
170567,MCOU,XX,591.0,3776.0,19,20123.0,ATORVASTAT,936135.0,31642.0,1486212.32,1481602.44,4609.88
170568,MCOU,XX,591.0,3776.0,19,20124.0,ATORVASTAT,782475.0,26386.0,974975.5,972946.33,2029.17
45168,FFSU,XX,591.0,3777.0,5,20121.0,ATORVASTAT,1753.0,69.0,7509.82,6966.45,543.37
45169,FFSU,XX,591.0,3777.0,5,20122.0,ATORVASTAT,4312.0,144.0,15616.66,14965.65,651.01
45170,FFSU,XX,591.0,3777.0,5,20123.0,ATORVASTAT,7226.0,241.0,8583.29,8441.51,141.78
45171,FFSU,XX,591.0,3777.0,5,20124.0,ATORVASTAT,9975.0,317.0,7707.35,7529.67,177.68
45172,FFSU,XX,591.0,3777.0,19,20121.0,ATORVASTAT,243636.0,7875.0,1103277.45,1087130.48,16146.97
45173,FFSU,XX,591.0,3777.0,19,20122.0,ATORVASTAT,228113.5,7305.0,938792.25,922801.18,15991.07
45174,FFSU,XX,591.0,3777.0,19,20123.0,ATORVASTAT,338152.5,10461.0,484197.32,469220.56,14976.76
45175,FFSU,XX,591.0,3777.0,19,20124.0,ATORVASTAT,276827.0,8529.0,237782.08,228334.35,9447.73
170569,MCOU,XX,591.0,3777.0,5,20121.0,ATORVASTAT,10370.88,356.0,42465.28,42437.78,27.5
170570,MCOU,XX,591.0,3777.0,5,20122.0,ATORVASTAT,14764.0,512.0,52388.2,52176.49,211.71
170571,MCOU,XX,591.0,3777.0,5,20123.0,ATORVASTAT,19977.0,702.0,26333.26,26282.61,50.65
170572,MCOU,XX,591.0,3777.0,5,20124.0,ATORVASTAT,22560.0,755.0,26107.41,25952.91,154.5
170573,MCOU,XX,591.0,3777.0,19,20121.0,ATORVASTAT,382902.55,13108.0,2084129.76,2081537.57,2592.19
170574,MCOU,XX,591.0,3777.0,19,20122.0,ATORVASTAT,439343.5,15286.0,2390738.21,2377513.75,13224.46
170575,MCOU,XX,591.0,3777.0,19,20123.0,ATORVASTAT,411579.5,13967.0,648287.29,645519.59,2767.7
170576,MCOU,XX,591.0,3777.0,19,20124.0,ATORVASTAT,338539.0,11640.0,414762.0,412790.76,1971.24
103068,FFSU,XX,60505.0,2578.0,08,20123.0,ATORVASTAT,1723.0,57.0,1773.8,1708.31,65.49
103069,FFSU,XX,60505.0,2578.0,08,20124.0,ATORVASTAT,13858.0,445.0,10198.22,9640.2,558.02
103070,FFSU,XX,60505.0,2578.0,09,20122.0,ATORVASTAT,7956.0,253.0,10091.06,9452.46,638.6
103071,FFSU,XX,60505.0,2578.0,09,20123.0,ATORVASTAT,216703.0,7126.0,235259.26,223557.19,11702.07
103072,FFSU,XX,60505.0,2578.0,09,20124.0,ATORVASTAT,393413.0,12845.0,287097.77,274469.88,12627.89
224509,MCOU,XX,60505.0,2578.0,8.0,20123.0,ATORVASTAT,4110.0,137.0,1761.86,1761.86,0.0
224510,MCOU,XX,60505.0,2578.0,8.0,20124.0,ATORVASTAT,20487.0,690.0,11626.53,11604.53,22.0
224511,MCOU,XX,60505.0,2578.0,9.0,20122.0,ATORVASTAT,13521.0,446.0,18448.83,18385.83,63.0
224512,MCOU,XX,60505.0,2578.0,9.0,20123.0,ATORVASTAT,148579.0,5047.0,146135.1,145178.53,956.57
224513,MCOU,XX,60505.0,2578.0,9.0,20124.0,ATORVASTAT,316424.91,10548.0,243397.86,241978.32,1419.54
103073,FFSU,XX,60505.0,2579.0,08,20123.0,ATORVASTAT,1583.0,49.0,1031.29,775.14,256.15
103074,FFSU,XX,60505.0,2579.0,08,20124.0,ATORVASTAT,27091.0,867.0,25758.83,24023.1,1735.73
103075,FFSU,XX,60505.0,2579.0,09,20122.0,ATORVASTAT,15877.0,523.0,27723.41,26291.91,1431.5
103076,FFSU,XX,60505.0,2579.0,09,20123.0,ATORVASTAT,355833.0,11839.0,543846.09,522319.58,21526.51
103077,FFSU,XX,60505.0,2579.0,09,20124.0,ATORVASTAT,582333.0,19083.0,564860.47,543328.35,21532.12
224514,MCOU,XX,60505.0,2579.0,8.0,20123.0,ATORVASTAT,5425.0,182.0,3512.11,3512.11,0.0
224515,MCOU,XX,60505.0,2579.0,8.0,20124.0,ATORVASTAT,30816.0,1039.0,27246.85,27156.18,90.67
224516,MCOU,XX,60505.0,2579.0,9.0,20122.0,ATORVASTAT,24405.0,819.0,45460.57,45321.62,138.95
224517,MCOU,XX,60505.0,2579.0,9.0,20123.0,ATORVASTAT,240024.0,8150.0,344147.26,342528.98,1618.28
224518,MCOU,XX,60505.0,2579.0,9.0,20124.0,ATORVASTAT,490167.91,16392.0,536376.57,534351.39,2025.18
103078,FFSU,XX,60505.0,2580.0,08,20123.0,ATORVASTAT,1499.0,49.0,1062.54,978.54,84.0
103079,FFSU,XX,60505.0,2580.0,08,20124.0,ATORVASTAT,27144.0,876.0,27304.53,25683.47,1621.06
103080,FFSU,XX,60505.0,2580.0,09,20122.0,ATORVASTAT,14405.0,460.0,22249.92,20930.26,1319.66
103081,FFSU,XX,60505.0,2580.0,09,20123.0,ATORVASTAT,314113.08,10363.0,438466.09,418702.88,19763.21
103082,FFSU,XX,60505.0,2580.0,09,20124.0,ATORVASTAT,541456.0,17737.0,502464.06,480779.11,21684.95
224519,MCOU,XX,60505.0,2580.0,8.0,20123.0,ATORVASTAT,4740.0,159.0,2204.61,2201.61,3.0
224520,MCOU,XX,60505.0,2580.0,8.0,20124.0,ATORVASTAT,30420.0,1015.0,26366.52,25929.06,437.46
224521,MCOU,XX,60505.0,2580.0,9.0,20122.0,ATORVASTAT,24956.0,830.0,47307.15,47095.5,211.65
224522,MCOU,XX,60505.0,2580.0,9.0,20123.0,ATORVASTAT,265265.0,9101.0,380950.75,378672.38,2278.37
224523,MCOU,XX,60505.0,2580.0,9.0,20124.0,ATORVASTAT,499542.0,16775.0,545166.23,541980.68,3185.55
103388,FFSU,XX,60505.0,2671.0,08,20123.0,ATORVASTAT,480.0,17.0,836.85,821.85,15.0
103389,FFSU,XX,60505.0,2671.0,08,20124.0,ATORVASTAT,5102.0,174.0,5487.09,5119.57,367.52
103390,FFSU,XX,60505.0,2671.0,09,20122.0,ATORVASTAT,5881.0,202.0,9405.35,8769.66,635.69
103391,FFSU,XX,60505.0,2671.0,09,20123.0,ATORVASTAT,141438.875,4814.0,188744.02,179722.43,9021.59
103392,FFSU,XX,60505.0,2671.0,09,20124.0,ATORVASTAT,226433.75,7662.0,228655.04,219249.89,9405.15
224834,MCOU,XX,60505.0,2671.0,8.0,20123.0,ATORVASTAT,526.0,18.0,670.19,670.19,0.0
224835,MCOU,XX,60505.0,2671.0,8.0,20124.0,ATORVASTAT,3743.0,124.0,4220.36,4190.36,30.0
224836,MCOU,XX,60505.0,2671.0,9.0,20122.0,ATORVASTAT,9612.0,334.0,19922.36,19848.41,73.95
224837,MCOU,XX,60505.0,2671.0,9.0,20123.0,ATORVASTAT,109551.0,3835.0,151531.1,150502.25,1028.85
224838,MCOU,XX,60505.0,2671.0,9.0,20124.0,ATORVASTAT,185691.0,6461.0,195175.13,193983.3,1191.83
93821,FFSU,XX,55111.0,121.0,05,20123.0,ATORVASTAT,360.0,12.0,168.85,164.85,4.0
93822,FFSU,XX,55111.0,121.0,05,20124.0,ATORVASTAT,5336.0,175.0,3738.73,3609.43,129.3
93823,FFSU,XX,55111.0,121.0,90,20123.0,ATORVASTAT,836.0,17.0,1905.02,1903.02,2.0
93824,FFSU,XX,55111.0,121.0,90,20124.0,ATORVASTAT,217903.0,6439.0,204263.4,197325.9,6937.5
215628,MCOU,XX,55111.0,121.0,5.0,20123.0,ATORVASTAT,750.0,25.0,593.97,593.97,0.0
215629,MCOU,XX,55111.0,121.0,5.0,20124.0,ATORVASTAT,4485.0,146.0,3749.23,3737.23,12.0
215630,MCOU,XX,55111.0,121.0,90.0,20123.0,ATORVASTAT,1152.0,39.0,997.56,996.56,1.0
215631,MCOU,XX,55111.0,121.0,90.0,20124.0,ATORVASTAT,130884.94,4234.0,134911.85,134361.3,550.55
93825,FFSU,XX,55111.0,122.0,05,20123.0,ATORVASTAT,301.0,10.0,284.18,281.18,3.0
93826,FFSU,XX,55111.0,122.0,05,20124.0,ATORVASTAT,9100.5,290.0,8790.77,8467.14,323.63
93827,FFSU,XX,55111.0,122.0,90,20123.0,ATORVASTAT,1052.0,28.0,3199.82,3196.82,3.0
93828,FFSU,XX,55111.0,122.0,90,20124.0,ATORVASTAT,354486.0,10521.0,442828.0,430199.46,12628.54
215632,MCOU,XX,55111.0,122.0,5.0,20123.0,ATORVASTAT,1140.0,38.0,1433.05,1433.05,0.0
215633,MCOU,XX,55111.0,122.0,5.0,20124.0,ATORVASTAT,9471.0,312.0,11362.19,11358.19,4.0
215634,MCOU,XX,55111.0,122.0,90.0,20123.0,ATORVASTAT,1928.0,62.0,2282.57,2254.57,28.0
215635,MCOU,XX,55111.0,122.0,90.0,20124.0,ATORVASTAT,200805.91,6478.0,275974.19,274862.17,1112.02
93829,FFSU,XX,55111.0,123.0,05,20123.0,ATORVASTAT,150.0,5.0,86.68,86.68,0.0
93830,FFSU,XX,55111.0,123.0,05,20124.0,ATORVASTAT,5708.0,176.0,5333.12,5240.92,92.2
93831,FFSU,XX,55111.0,123.0,90,20123.0,ATORVASTAT,240.0,6.0,160.66,159.66,1.0
93832,FFSU,XX,55111.0,123.0,90,20124.0,ATORVASTAT,317465.0,9441.0,340205.55,328004.14,12201.41
215636,MCOU,XX,55111.0,123.0,5.0,20123.0,ATORVASTAT,390.0,13.0,555.02,555.02,0.0
215637,MCOU,XX,55111.0,123.0,5.0,20124.0,ATORVASTAT,8285.97,271.0,10368.0,10333.5,34.5
215638,MCOU,XX,55111.0,123.0,90.0,20123.0,ATORVASTAT,286.0,10.0,420.88,415.88,5.0
215639,MCOU,XX,55111.0,123.0,90.0,20124.0,ATORVASTAT,217136.0,7109.0,303320.69,302304.01,1016.68
93833,FFSU,XX,55111.0,124.0,05,20123.0,ATORVASTAT,90.0,3.0,57.14,57.14,0.0
93834,FFSU,XX,55111.0,124.0,05,20124.0,ATORVASTAT,1118.0,38.0,914.67,889.67,25.0
93835,FFSU,XX,55111.0,124.0,90,20123.0,ATORVASTAT,255.0,7.0,466.21,462.21,4.0
93836,FFSU,XX,55111.0,124.0,90,20124.0,ATORVASTAT,133595.0,3938.0,161507.68,157600.58,3907.1
215640,MCOU,XX,55111.0,124.0,5.0,20123.0,ATORVASTAT,150.0,5.0,174.85,174.85,0.0
215641,MCOU,XX,55111.0,124.0,5.0,20124.0,ATORVASTAT,1131.0,40.0,1272.44,1269.44,3.0
215642,MCOU,XX,55111.0,124.0,90.0,20123.0,ATORVASTAT,619.0,19.0,1008.39,1004.39,4.0
215643,MCOU,XX,55111.0,124.0,90.0,20124.0,ATORVASTAT,99925.0,3232.0,145408.99,144758.71,650.28
85187,FFSU,XX,51079.0,409.0,01,20124.0,ATORVASTAT,60.0,2.0,22.84,22.84,0.0
85188,FFSU,XX,51079.0,409.0,20,20123.0,ATORVASTAT,30.0,1.0,7.66,7.66,0.0
85189,FFSU,XX,51079.0,409.0,20,20124.0,ATORVASTAT,333.0,12.0,129.14,125.14,4.0
208200,MCOU,XX,51079.0,409.0,20.0,20123.0,ATORVASTAT,30.0,1.0,10.23,10.23,0.0
208201,MCOU,XX,51079.0,409.0,20.0,20124.0,ATORVASTAT,300.0,10.0,86.04,86.04,0.0
85190,FFSU,XX,51079.0,410.0,01,20124.0,ATORVASTAT,95.0,4.0,64.22,64.22,0.0
85191,FFSU,XX,51079.0,410.0,20,20124.0,ATORVASTAT,402.0,16.0,215.96,208.35,7.61
208202,MCOU,XX,51079.0,410.0,20.0,20123.0,ATORVASTAT,30.0,1.0,14.6,14.6,0.0
208203,MCOU,XX,51079.0,410.0,20.0,20124.0,ATORVASTAT,540.0,15.0,196.26,192.61,3.65
85192,FFSU,XX,51079.0,411.0,01,20124.0,ATORVASTAT,26.0,1.0,17.58,17.58,0.0
85193,FFSU,XX,51079.0,411.0,20,20123.0,ATORVASTAT,30.0,1.0,15.6,12.6,3.0
85194,FFSU,XX,51079.0,411.0,20,20124.0,ATORVASTAT,599.0,21.0,305.89,301.89,4.0
208204,MCOU,XX,51079.0,411.0,20.0,20123.0,ATORVASTAT,180.0,6.0,74.29,74.29,0.0
208205,MCOU,XX,51079.0,411.0,20.0,20124.0,ATORVASTAT,480.0,13.0,200.51,199.51,1.0
85195,FFSU,XX,51079.0,412.0,03,20124.0,ATORVASTAT,151.0,6.0,107.44,99.24,8.2
208206,MCOU,XX,51079.0,412.0,3.0,20124.0,ATORVASTAT,105.0,4.0,48.81,47.81,1.0
57960,FFSU,XX,904.0,6290.0,61,20123.0,ATORVASTAT,292.5,11.0,195.54,194.54,1.0
57961,FFSU,XX,904.0,6290.0,61,20124.0,ATORVASTAT,369.0,14.0,278.79,276.79,2.0
182948,MCOU,XX,904.0,6290.0,61,20123.0,ATORVASTAT,210.0,7.0,227.82,222.82,5.0
182949,MCOU,XX,904.0,6290.0,61,20124.0,ATORVASTAT,365.0,14.0,342.87,342.87,0.0
57962,FFSU,XX,904.0,6291.0,61,20122.0,ATORVASTAT,30.0,1.0,15.69,15.69,0.0
57963,FFSU,XX,904.0,6291.0,61,20123.0,ATORVASTAT,663.0,25.0,456.58,451.58,5.0
57964,FFSU,XX,904.0,6291.0,61,20124.0,ATORVASTAT,1251.0,39.0,948.57,936.57,12.0
182950,MCOU,XX,904.0,6291.0,61,20122.0,ATORVASTAT,90.0,3.0,89.8,89.8,0.0
182951,MCOU,XX,904.0,6291.0,61,20123.0,ATORVASTAT,210.0,7.0,194.31,193.31,1.0
182952,MCOU,XX,904.0,6291.0,61,20124.0,ATORVASTAT,552.0,19.0,585.4,584.4,1.0
109151,FFSU,XX,63304.0,827.0,05,20122.0,ATORVASTAT,1320.0,40.0,3509.0,3508.0,1.0
109152,FFSU,XX,63304.0,827.0,05,20123.0,ATORVASTAT,6270.0,187.0,9308.53,9208.76,99.77
109153,FFSU,XX,63304.0,827.0,05,20124.0,ATORVASTAT,9913.0,279.0,9597.38,9458.33,139.05
109154,FFSU,XX,63304.0,827.0,90,20121.0,ATORVASTAT,238131.1,7585.0,721441.87,694320.83,27121.04
109155,FFSU,XX,63304.0,827.0,90,20122.0,ATORVASTAT,325959.0,10370.0,919348.27,888055.38,31292.89
109156,FFSU,XX,63304.0,827.0,90,20123.0,ATORVASTAT,392659.0,11956.0,520774.23,506439.41,14334.82
109157,FFSU,XX,63304.0,827.0,90,20124.0,ATORVASTAT,366808.0,11266.0,337031.39,327219.1,9812.29
230411,MCOU,XX,63304.0,827.0,5.0,20121.0,ATORVASTAT,600.0,20.0,1833.06,1833.06,0.0
230412,MCOU,XX,63304.0,827.0,5.0,20122.0,ATORVASTAT,3390.0,113.0,8763.02,8762.02,1.0
230413,MCOU,XX,63304.0,827.0,5.0,20123.0,ATORVASTAT,7650.0,255.0,6989.42,6985.42,4.0
230414,MCOU,XX,63304.0,827.0,5.0,20124.0,ATORVASTAT,13861.0,451.0,13095.61,13072.28,23.33
230415,MCOU,XX,63304.0,827.0,90.0,20121.0,ATORVASTAT,644679.961,21048.0,1832543.52,1827476.37,5067.15
230416,MCOU,XX,63304.0,827.0,90.0,20122.0,ATORVASTAT,788155.0009999999,26617.0,2072350.26,2014052.29,58297.97
230417,MCOU,XX,63304.0,827.0,90.0,20123.0,ATORVASTAT,680458.0009999999,22700.0,687028.69,683117.25,3911.44
230418,MCOU,XX,63304.0,827.0,90.0,20124.0,ATORVASTAT,562009.971,18591.0,467275.38,465497.1,1778.28
109158,FFSU,XX,63304.0,828.0,05,20122.0,ATORVASTAT,836.0,26.0,3277.19,3277.19,0.0
109159,FFSU,XX,63304.0,828.0,05,20123.0,ATORVASTAT,11099.0,326.0,24273.2,24129.49,143.71
109160,FFSU,XX,63304.0,828.0,05,20124.0,ATORVASTAT,15546.0,464.0,19171.27,18973.4,197.87
109161,FFSU,XX,63304.0,828.0,90,20121.0,ATORVASTAT,350381.0,12435.0,1701273.79,1659702.09,41571.7
109162,FFSU,XX,63304.0,828.0,90,20122.0,ATORVASTAT,448579.0,14202.0,1767657.27,1720986.86,46670.41
109163,FFSU,XX,63304.0,828.0,90,20123.0,ATORVASTAT,542727.0,16739.0,933459.17,912390.37,21068.8
109164,FFSU,XX,63304.0,828.0,90,20124.0,ATORVASTAT,496319.5,15298.0,561585.89,548125.08,13460.81
230419,MCOU,XX,63304.0,828.0,5.0,20121.0,ATORVASTAT,480.0,16.0,2228.18,2228.18,0.0
230420,MCOU,XX,63304.0,828.0,5.0,20122.0,ATORVASTAT,3958.0,132.0,15070.22,15070.22,0.0
230421,MCOU,XX,63304.0,828.0,5.0,20123.0,ATORVASTAT,14535.0,485.0,19153.48,19145.46,8.02
230422,MCOU,XX,63304.0,828.0,5.0,20124.0,ATORVASTAT,24199.0,801.0,32042.02,32039.02,3.0
230423,MCOU,XX,63304.0,828.0,90.0,20121.0,ATORVASTAT,818319.349,26972.0,3315102.54,3308320.65,6781.89
230424,MCOU,XX,63304.0,828.0,90.0,20122.0,ATORVASTAT,1056246.0,35654.0,3865405.96,3778750.72,86655.24
230425,MCOU,XX,63304.0,828.0,90.0,20123.0,ATORVASTAT,947444.0,31708.0,1416242.99,1411263.58,4979.41
230426,MCOU,XX,63304.0,828.0,90.0,20124.0,ATORVASTAT,742693.0,24620.0,876391.55,872665.31,3726.24
109165,FFSU,XX,63304.0,829.0,05,20121.0,ATORVASTAT,60.0,2.0,261.5,261.5,0.0
109166,FFSU,XX,63304.0,829.0,05,20122.0,ATORVASTAT,1024.0,33.0,4148.48,4148.48,0.0
109167,FFSU,XX,63304.0,829.0,05,20123.0,ATORVASTAT,9016.0,269.0,18002.68,17919.27,83.41
109168,FFSU,XX,63304.0,829.0,05,20124.0,ATORVASTAT,15648.0,460.0,18055.92,17828.51,227.41
109169,FFSU,XX,63304.0,829.0,90,20121.0,ATORVASTAT,410328.101,13042.0,1772657.38,1732324.86,40332.52
109170,FFSU,XX,63304.0,829.0,90,20122.0,ATORVASTAT,439416.001,13923.0,1733666.69,1694567.46,39099.23
109171,FFSU,XX,63304.0,829.0,90,20123.0,ATORVASTAT,527000.0,16125.0,898536.89,875154.91,23381.98
109172,FFSU,XX,63304.0,829.0,90,20124.0,ATORVASTAT,482721.5,14947.0,515175.57,501269.74,13905.83
230427,MCOU,XX,63304.0,829.0,5.0,20121.0,ATORVASTAT,180.0,6.0,789.1,789.1,0.0
230428,MCOU,XX,63304.0,829.0,5.0,20122.0,ATORVASTAT,2789.0,94.0,9675.34,9675.34,0.0
230429,MCOU,XX,63304.0,829.0,5.0,20123.0,ATORVASTAT,15960.0,534.0,21365.58,21358.58,7.0
230430,MCOU,XX,63304.0,829.0,5.0,20124.0,ATORVASTAT,27420.0,910.0,36828.55,36810.55,18.0
230431,MCOU,XX,63304.0,829.0,90.0,20121.0,ATORVASTAT,754654.186,25137.0,3113680.82,3107196.1,6484.72
230432,MCOU,XX,63304.0,829.0,90.0,20122.0,ATORVASTAT,1158168.3,39709.0,4389646.72,4322952.0,66694.72
230433,MCOU,XX,63304.0,829.0,90.0,20123.0,ATORVASTAT,1036917.7,34770.0,1525235.24,1518680.05,6555.19
230434,MCOU,XX,63304.0,829.0,90.0,20124.0,ATORVASTAT,824939.0,27198.0,962434.6,958812.15,3622.45
109173,FFSU,XX,63304.0,830.0,05,20122.0,ATORVASTAT,60.0,2.0,262.33,262.33,0.0
109174,FFSU,XX,63304.0,830.0,05,20123.0,ATORVASTAT,1905.0,57.0,3768.7,3732.4,36.3
109175,FFSU,XX,63304.0,830.0,05,20124.0,ATORVASTAT,3511.0,105.0,4418.29,4414.97,3.32
109176,FFSU,XX,63304.0,830.0,90,20121.0,ATORVASTAT,217088.0,7211.0,930456.08,904635.39,25820.69
109177,FFSU,XX,63304.0,830.0,90,20122.0,ATORVASTAT,225989.0,7489.0,871167.67,856979.63,14188.04
109178,FFSU,XX,63304.0,830.0,90,20123.0,ATORVASTAT,257931.0,8195.0,396278.18,387377.49,8900.69
109179,FFSU,XX,63304.0,830.0,90,20124.0,ATORVASTAT,261106.5,8183.0,270572.47,263001.98,7570.49
230435,MCOU,XX,63304.0,830.0,5.0,20122.0,ATORVASTAT,90.0,3.0,405.99,405.99,0.0
230436,MCOU,XX,63304.0,830.0,5.0,20123.0,ATORVASTAT,6165.0,202.0,8721.51,8721.51,0.0
230437,MCOU,XX,63304.0,830.0,5.0,20124.0,ATORVASTAT,12075.0,408.0,15463.67,15463.67,0.0
230438,MCOU,XX,63304.0,830.0,90.0,20121.0,ATORVASTAT,354773.46,12069.0,1483446.98,1479672.14,3774.84
230439,MCOU,XX,63304.0,830.0,90.0,20122.0,ATORVASTAT,524857.06,18341.0,1995851.62,1971383.74,24467.88
230440,MCOU,XX,63304.0,830.0,90.0,20123.0,ATORVASTAT,465858.00200000004,15922.0,703236.73,699374.67,3862.06
230441,MCOU,XX,63304.0,830.0,90.0,20124.0,ATORVASTAT,391876.001,13292.0,452585.03,450447.6,2137.43
53294,FFSU,XX,781.0,5381.0,92,20122.0,ATORVASTAT,915.0,27.0,737.35,698.76,38.59
53295,FFSU,XX,781.0,5381.0,92,20123.0,ATORVASTAT,18692.0,526.0,29551.18,29289.73,261.45
53296,FFSU,XX,781.0,5381.0,92,20124.0,ATORVASTAT,20443.0,587.0,28933.23,28693.81,239.42
178372,MCOU,XX,781.0,5381.0,92,20122.0,ATORVASTAT,1642.0,55.0,3346.36,3327.21,19.15
178373,MCOU,XX,781.0,5381.0,92,20123.0,ATORVASTAT,16376.0,571.0,15614.1,15403.97,210.13
178374,MCOU,XX,781.0,5381.0,92,20124.0,ATORVASTAT,28968.0,929.0,22747.05,22404.48,342.57
53297,FFSU,XX,781.0,5382.0,92,20122.0,ATORVASTAT,2565.0,60.0,5391.96,5195.97,195.99
53298,FFSU,XX,781.0,5382.0,92,20123.0,ATORVASTAT,24443.0,705.0,52224.61,51418.57,806.04
53299,FFSU,XX,781.0,5382.0,92,20124.0,ATORVASTAT,31179.0,905.0,52603.99,51507.51,1096.48
178375,MCOU,XX,781.0,5382.0,92,20122.0,ATORVASTAT,2595.0,87.0,5994.03,5942.56,51.47
178376,MCOU,XX,781.0,5382.0,92,20123.0,ATORVASTAT,24543.0,850.0,33539.44,33298.51,240.93
178377,MCOU,XX,781.0,5382.0,92,20124.0,ATORVASTAT,46030.0,1476.0,49356.77,48972.92,383.85
53300,FFSU,XX,781.0,5384.0,92,20122.0,ATORVASTAT,1635.0,45.0,1990.41,1972.41,18.0
53301,FFSU,XX,781.0,5384.0,92,20123.0,ATORVASTAT,23887.0,669.0,50119.18,49565.96,553.22
53302,FFSU,XX,781.0,5384.0,92,20124.0,ATORVASTAT,28351.0,813.0,43160.56,42632.94,527.62
178378,MCOU,XX,781.0,5384.0,92,20122.0,ATORVASTAT,3151.0,108.0,7475.37,7451.42,23.95
178379,MCOU,XX,781.0,5384.0,92,20123.0,ATORVASTAT,29275.0,995.0,37960.09,37521.3,438.79
178380,MCOU,XX,781.0,5384.0,92,20124.0,ATORVASTAT,44690.0,1424.0,47570.86,47211.49,359.37
53314,FFSU,XX,781.0,5388.0,92,20122.0,ATORVASTAT,525.0,16.0,993.19,984.19,9.0
53315,FFSU,XX,781.0,5388.0,92,20123.0,ATORVASTAT,8319.0,262.0,17894.56,17744.43,150.13
53316,FFSU,XX,781.0,5388.0,92,20124.0,ATORVASTAT,10318.0,313.0,15774.3,15528.41,245.89
178397,MCOU,XX,781.0,5388.0,92,20122.0,ATORVASTAT,1335.0,45.0,2730.47,2714.32,16.15
178398,MCOU,XX,781.0,5388.0,92,20123.0,ATORVASTAT,11867.0,425.0,16552.78,16302.35,250.43
178399,MCOU,XX,781.0,5388.0,92,20124.0,ATORVASTAT,18847.15,622.0,19781.86,19550.03,231.83
31047,FFSU,XX,378.0,2015.0,5,20122.0,ATORVASTAT,2121.0,72.0,2476.11,2313.37,162.74
31048,FFSU,XX,378.0,2015.0,5,20123.0,ATORVASTAT,44821.0,1553.0,44098.31,42453.4,1644.91
31049,FFSU,XX,378.0,2015.0,5,20124.0,ATORVASTAT,108884.0,3733.0,83665.97,80893.73,2772.24
31050,FFSU,XX,378.0,2015.0,77,20122.0,ATORVASTAT,4446.0,143.0,3463.9,2965.82,498.08
31051,FFSU,XX,378.0,2015.0,77,20123.0,ATORVASTAT,71134.0,2392.0,72929.27,70604.44,2324.83
31052,FFSU,XX,378.0,2015.0,77,20124.0,ATORVASTAT,160350.5,5152.0,133143.31,130395.82,2747.49
157288,MCOU,XX,378.0,2015.0,5,20122.0,ATORVASTAT,2238.0,76.0,3410.26,3410.26,0.0
157289,MCOU,XX,378.0,2015.0,5,20123.0,ATORVASTAT,22037.0,749.0,17972.78,17910.5,62.28
157290,MCOU,XX,378.0,2015.0,5,20124.0,ATORVASTAT,46355.0,1569.0,37502.16,37303.18,198.98
157291,MCOU,XX,378.0,2015.0,77,20122.0,ATORVASTAT,10987.0,365.0,15797.49,15778.99,18.5
157292,MCOU,XX,378.0,2015.0,77,20123.0,ATORVASTAT,73920.0,2493.0,61665.86,61437.56,228.3
157293,MCOU,XX,378.0,2015.0,77,20124.0,ATORVASTAT,161011.032,5381.0,128457.96,127946.97,510.99
31053,FFSU,XX,378.0,2017.0,5,20122.0,ATORVASTAT,2337.0,80.0,2804.82,2730.28,74.54
31054,FFSU,XX,378.0,2017.0,5,20123.0,ATORVASTAT,47062.5,1621.0,52432.6,50521.41,1911.19
31055,FFSU,XX,378.0,2017.0,5,20124.0,ATORVASTAT,119666.0,4113.0,119988.09,116843.14,3144.95
31056,FFSU,XX,378.0,2017.0,77,20122.0,ATORVASTAT,5386.0,177.0,8314.01,7943.35,370.66
31057,FFSU,XX,378.0,2017.0,77,20123.0,ATORVASTAT,92241.0,3076.0,124013.39,121119.74,2893.65
31058,FFSU,XX,378.0,2017.0,77,20124.0,ATORVASTAT,233109.5,7393.0,257189.24,251934.1,5255.14
157294,MCOU,XX,378.0,2017.0,5,20122.0,ATORVASTAT,2724.0,92.0,6280.0,6279.0,1.0
157295,MCOU,XX,378.0,2017.0,5,20123.0,ATORVASTAT,27380.0,935.0,29893.6,29875.1,18.5
157296,MCOU,XX,378.0,2017.0,5,20124.0,ATORVASTAT,59300.0,2041.0,67516.55,67415.69,100.86
157297,MCOU,XX,378.0,2017.0,77,20122.0,ATORVASTAT,13413.0,450.0,27334.39,27187.76,146.63
157298,MCOU,XX,378.0,2017.0,77,20123.0,ATORVASTAT,96171.0,3233.0,117170.63,116809.18,361.45
157299,MCOU,XX,378.0,2017.0,77,20124.0,ATORVASTAT,225356.94,7524.0,260830.4,259962.65,867.75
31190,FFSU,XX,378.0,2121.0,5,20122.0,ATORVASTAT,1124.0,44.0,1339.85,1296.12,43.73
31191,FFSU,XX,378.0,2121.0,5,20123.0,ATORVASTAT,27910.0,983.0,41497.29,40305.68,1191.61
31192,FFSU,XX,378.0,2121.0,5,20124.0,ATORVASTAT,60113.0,2062.0,61675.71,59632.43,2043.28
31193,FFSU,XX,378.0,2121.0,77,20122.0,ATORVASTAT,4994.0,171.0,7450.23,7106.27,343.96
31194,FFSU,XX,378.0,2121.0,77,20123.0,ATORVASTAT,92034.0,3101.0,102249.7,98122.66,4127.04
31195,FFSU,XX,378.0,2121.0,77,20124.0,ATORVASTAT,236209.5,7544.0,242805.43,236584.41,6221.02
157429,MCOU,XX,378.0,2121.0,5,20122.0,ATORVASTAT,2040.0,69.0,4775.06,4771.06,4.0
157430,MCOU,XX,378.0,2121.0,5,20123.0,ATORVASTAT,24860.0,838.0,28343.36,28244.06,99.3
157431,MCOU,XX,378.0,2121.0,5,20124.0,ATORVASTAT,53657.0,1866.0,58584.41,58447.62,136.79
157432,MCOU,XX,378.0,2121.0,77,20122.0,ATORVASTAT,11160.0,370.0,22785.41,22742.11,43.3
157433,MCOU,XX,378.0,2121.0,77,20123.0,ATORVASTAT,99462.0,3348.0,118603.9,118080.55,523.35
157434,MCOU,XX,378.0,2121.0,77,20124.0,ATORVASTAT,233343.94,7731.0,260014.37,258992.5,1021.87
31196,FFSU,XX,378.0,2122.0,5,20122.0,ATORVASTAT,180.0,6.0,108.3,106.3,2.0
31197,FFSU,XX,378.0,2122.0,5,20123.0,ATORVASTAT,7213.0,243.0,12036.99,11757.17,279.82
31198,FFSU,XX,378.0,2122.0,5,20124.0,ATORVASTAT,16071.0,516.0,18458.79,18122.62,336.17
31199,FFSU,XX,378.0,2122.0,77,20122.0,ATORVASTAT,2021.0,74.0,2556.21,2457.89,98.32
31200,FFSU,XX,378.0,2122.0,77,20123.0,ATORVASTAT,45498.0,1570.0,51468.67,49670.06,1798.61
31201,FFSU,XX,378.0,2122.0,77,20124.0,ATORVASTAT,97961.0,3215.0,108264.51,105429.21,2835.3
157435,MCOU,XX,378.0,2122.0,5,20122.0,ATORVASTAT,270.0,9.0,400.27,400.27,0.0
157436,MCOU,XX,378.0,2122.0,5,20123.0,ATORVASTAT,5636.0,197.0,6855.57,6841.57,14.0
157437,MCOU,XX,378.0,2122.0,5,20124.0,ATORVASTAT,18943.001,700.0,18225.06,18150.06,75.0
157438,MCOU,XX,378.0,2122.0,77,20122.0,ATORVASTAT,4080.0,144.0,8225.37,8178.62,46.75
157439,MCOU,XX,378.0,2122.0,77,20123.0,ATORVASTAT,40185.0,1395.0,47156.29,47044.11,112.18
157440,MCOU,XX,378.0,2122.0,77,20124.0,ATORVASTAT,91361.47,3162.0,98400.84,97924.43,476.41
9152,FFSU,XX,71.0,155.0,23,20121.0,LIPITOR 10,1225015.0,36011.0,4717966.84,4630559.15,87407.69
9153,FFSU,XX,71.0,155.0,23,20122.0,LIPITOR 10,776236.0,23744.0,3033036.82,2960548.24,72488.58
9154,FFSU,XX,71.0,155.0,23,20123.0,LIPITOR 10,449887.0,13143.0,1780324.3,1767741.92,12582.38
9155,FFSU,XX,71.0,155.0,23,20124.0,LIPITOR 10,257422.0,7359.0,1049318.85,1041861.17,7457.68
9156,FFSU,XX,71.0,155.0,34,20121.0,LIPITOR 10,13031.0,324.0,46694.04,45778.75,915.29
9157,FFSU,XX,71.0,155.0,34,20122.0,LIPITOR 10,8268.0,202.0,31763.24,31544.94,218.3
9158,FFSU,XX,71.0,155.0,34,20123.0,LIPITOR 10,5911.0,142.0,23420.25,23177.96,242.29
9159,FFSU,XX,71.0,155.0,34,20124.0,LIPITOR 10,6853.0,172.0,28132.46,27917.83,214.63
9160,FFSU,XX,71.0,155.0,40,20121.0,LIPITOR 10,4720.0,217.0,19685.27,19318.07,367.2
9161,FFSU,XX,71.0,155.0,40,20122.0,LIPITOR 10,3491.27,206.0,15005.93,14980.75,25.18
9162,FFSU,XX,71.0,155.0,40,20123.0,LIPITOR 10,2630.02,166.0,11201.47,10682.87,518.6
9163,FFSU,XX,71.0,155.0,40,20124.0,LIPITOR 10,2189.007,135.0,9436.52,9428.52,8.0
136259,MCOU,XX,71.0,155.0,23,20121.0,LIPITOR 10,124139.41,4066.0,467005.33,465870.54,1134.79
136260,MCOU,XX,71.0,155.0,23,20122.0,LIPITOR 10,85076.0,2671.0,323746.38,216734.95,107011.43
136261,MCOU,XX,71.0,155.0,23,20123.0,LIPITOR 10,38477.0,1249.0,129145.74,120295.05,8850.69
136262,MCOU,XX,71.0,155.0,23,20124.0,LIPITOR 10,16919.0,547.0,61559.57,58808.62,2750.95
136263,MCOU,XX,71.0,155.0,34,20121.0,LIPITOR 10,989.97,32.0,3580.74,3574.14,6.6
136264,MCOU,XX,71.0,155.0,34,20122.0,LIPITOR 10,1148.0,28.0,2804.4,2549.35,255.05
136265,MCOU,XX,71.0,155.0,34,20123.0,LIPITOR 10,74.0,3.0,301.26,120.57,180.69
136266,MCOU,XX,71.0,155.0,34,20124.0,LIPITOR 10,60.0,2.0,222.38,222.38,0.0
136267,MCOU,XX,71.0,155.0,40,20121.0,LIPITOR 10,129.0,11.0,14414.19,14414.19,0.0
136268,MCOU,XX,71.0,155.0,40,20122.0,LIPITOR 10,518.0,22.0,7631.43,5524.53,2106.9
136269,MCOU,XX,71.0,155.0,40,20123.0,LIPITOR 10,85.0,22.0,4636.21,4619.56,16.65
136270,MCOU,XX,71.0,155.0,40,20124.0,LIPITOR 10,36.0,28.0,2017.17,2005.13,12.04
9164,FFSU,XX,71.0,156.0,23,20121.0,LIPITOR 20,1679758.0,49451.0,9164107.45,9030663.92,133443.53
9165,FFSU,XX,71.0,156.0,23,20122.0,LIPITOR 20,1216075.5,37277.0,6710637.57,6597592.34,113045.23
9166,FFSU,XX,71.0,156.0,23,20123.0,LIPITOR 20,626207.0,18273.0,3500026.33,3479956.25,20070.08
9167,FFSU,XX,71.0,156.0,23,20124.0,LIPITOR 20,340951.0,9489.0,1943214.77,1931977.04,11237.73
9168,FFSU,XX,71.0,156.0,40,20121.0,LIPITOR 20,5393.0,239.0,31652.61,30781.86,870.75
9169,FFSU,XX,71.0,156.0,40,20122.0,LIPITOR 20,5921.0,259.0,34738.96,34449.2,289.76
9170,FFSU,XX,71.0,156.0,40,20123.0,LIPITOR 20,4839.0,230.0,26793.59,26763.59,30.0
9171,FFSU,XX,71.0,156.0,40,20124.0,LIPITOR 20,3232.0,171.0,18861.06,18847.06,14.0
9172,FFSU,XX,71.0,156.0,94,20121.0,LIPITOR 20,8143.0,208.0,42475.67,41788.46,687.21
9173,FFSU,XX,71.0,156.0,94,20122.0,LIPITOR 20,6163.0,145.0,33460.57,32704.61,755.96
9174,FFSU,XX,71.0,156.0,94,20123.0,LIPITOR 20,6140.0,142.0,34757.31,34468.09,289.22
9175,FFSU,XX,71.0,156.0,94,20124.0,LIPITOR 20,271.0,9.0,1618.97,1614.97,4.0
136271,MCOU,XX,71.0,156.0,23,20121.0,LIPITOR 20,148263.41,4871.0,796007.7,793629.58,2378.12
136272,MCOU,XX,71.0,156.0,23,20122.0,LIPITOR 20,102652.0,3262.0,564449.87,403758.67,160691.2
136273,MCOU,XX,71.0,156.0,23,20123.0,LIPITOR 20,36366.0,1175.0,185899.31,170888.63,15010.68
136274,MCOU,XX,71.0,156.0,23,20124.0,LIPITOR 20,18487.0,610.0,101008.9,100534.47,474.43
136275,MCOU,XX,71.0,156.0,40,20121.0,LIPITOR 20,121.0,5.0,698.6,698.6,0.0
136276,MCOU,XX,71.0,156.0,40,20122.0,LIPITOR 20,363.0,26.0,10451.86,8756.92,1694.94
136277,MCOU,XX,71.0,156.0,40,20123.0,LIPITOR 20,134.0,14.0,6140.35,6133.38,6.97
136278,MCOU,XX,71.0,156.0,40,20124.0,LIPITOR 20,133.0,14.0,1146.88,1146.88,0.0
136279,MCOU,XX,71.0,156.0,94,20121.0,LIPITOR 20,1169.97,36.0,5883.18,5883.18,0.0
136280,MCOU,XX,71.0,156.0,94,20122.0,LIPITOR 20,630.0,15.0,2622.13,1610.13,1012.0
136281,MCOU,XX,71.0,156.0,94,20124.0,LIPITOR TA,90.0,3.0,474.51,474.51,0.0
9176,FFSU,XX,71.0,157.0,23,20121.0,LIPITOR 40,1339791.4,40934.0,7549393.44,7431698.49,117694.95
9177,FFSU,XX,71.0,157.0,23,20122.0,LIPITOR 40,1080926.0,33607.0,5992729.7,5879047.88,113681.82
9178,FFSU,XX,71.0,157.0,23,20123.0,LIPITOR 40,535136.002,15883.0,2972737.63,2954266.26,18471.37
9179,FFSU,XX,71.0,157.0,23,20124.0,LIPITOR 40,255663.0,7351.0,1462214.9,1456035.96,6178.94
9180,FFSU,XX,71.0,157.0,40,20121.0,LIPITOR 40,5316.12,223.0,30098.07,29442.23,655.84
9181,FFSU,XX,71.0,157.0,40,20122.0,LIPITOR 40,6063.12,247.0,35396.42,35386.84,9.58
9182,FFSU,XX,71.0,157.0,40,20123.0,LIPITOR 40,3709.08,182.0,21746.77,21743.77,3.0
9183,FFSU,XX,71.0,157.0,40,20124.0,LIPITOR 40,3459.0,164.0,21667.81,21661.81,6.0
9184,FFSU,XX,71.0,157.0,73,20121.0,LIPITOR 40,29748.0,929.0,159696.94,155841.09,3855.85
9185,FFSU,XX,71.0,157.0,73,20122.0,LIPITOR 40,17930.0,561.0,97614.8,95157.93,2456.87
9186,FFSU,XX,71.0,157.0,73,20123.0,LIPITOR 40,9519.0,291.0,52970.67,52765.42,205.25
9187,FFSU,XX,71.0,157.0,73,20124.0,LIPITOR 40,5914.0,174.0,34011.28,33880.68,130.6
9188,FFSU,XX,71.0,157.0,88,20121.0,LIPITOR 40,705.0,16.0,2265.93,2192.28,73.65
9189,FFSU,XX,71.0,157.0,88,20122.0,LIPITOR 40,180.0,6.0,1000.92,997.92,3.0
9190,FFSU,XX,71.0,157.0,88,20123.0,LIPITOR 40,60.0,2.0,363.72,360.72,3.0
136282,MCOU,XX,71.0,157.0,23,20121.0,LIPITOR 40,146871.66,4970.0,909450.37,907697.53,1752.84
136283,MCOU,XX,71.0,157.0,23,20122.0,LIPITOR 40,88705.0,2871.0,539078.98,422556.29,116522.69
136284,MCOU,XX,71.0,157.0,23,20123.0,LIPITOR 40,39815.0,1324.0,207393.69,197752.77,9640.92
136285,MCOU,XX,71.0,157.0,23,20124.0,LIPITOR 40,20421.001,676.0,171300.04,170416.55,883.49
136286,MCOU,XX,71.0,157.0,40,20121.0,LIPITOR 40,35.0,6.0,10196.09,10196.09,0.0
136287,MCOU,XX,71.0,157.0,40,20122.0,LIPITOR 40,165.0,14.0,965.5,125.4,840.1
136288,MCOU,XX,71.0,157.0,40,20123.0,LIPITOR 40,72.0,12.0,35787.23,35787.23,0.0
136289,MCOU,XX,71.0,157.0,40,20124.0,LIPITOR TA,21.0,16.0,24929.81,24929.81,0.0
136290,MCOU,XX,71.0,157.0,73,20121.0,LIPITOR 40,4712.94,158.0,25736.67,25730.67,6.0
136291,MCOU,XX,71.0,157.0,73,20122.0,LIPITOR 40,1650.0,55.0,8656.93,6745.5,1911.43
136292,MCOU,XX,71.0,157.0,73,20123.0,LIPITOR 40,660.0,22.0,2450.61,1793.24,657.37
136293,MCOU,XX,71.0,157.0,73,20124.0,LIPITOR 40,480.0,10.0,2307.31,1182.67,1124.64
136294,MCOU,XX,71.0,157.0,88,20121.0,LIPITOR (A,359.91,9.0,1380.39,1380.39,0.0
136295,MCOU,XX,71.0,157.0,88,20122.0,LIPITOR 40,390.0,5.0,555.4,476.75,78.65
9191,FFSU,XX,71.0,158.0,23,20121.0,LIPITOR 80,615064.0,19474.0,3446272.64,3366979.34,79293.3
9192,FFSU,XX,71.0,158.0,23,20122.0,LIPITOR 80,502617.5,15885.0,2780835.2,2719692.24,61142.96
9193,FFSU,XX,71.0,158.0,23,20123.0,LIPITOR 80,229268.5,6967.0,1277222.66,1268956.09,8266.57
9194,FFSU,XX,71.0,158.0,23,20124.0,LIPITOR 80,95933.0,2852.0,541917.17,538303.25,3613.92
9195,FFSU,XX,71.0,158.0,73,20121.0,LIPITOR 80,7809.0,234.0,40779.35,38316.28,2463.07
9196,FFSU,XX,71.0,158.0,73,20122.0,LIPITOR 80,5376.0,158.0,29832.48,28659.34,1173.14
9197,FFSU,XX,71.0,158.0,73,20123.0,LIPITOR 80,2897.0,82.0,15721.42,15646.13,75.29
9198,FFSU,XX,71.0,158.0,73,20124.0,LIPITOR 80,1350.0,35.0,7808.09,7671.67,136.42
9199,FFSU,XX,71.0,158.0,88,20121.0,LIPITOR (A,60.0,2.0,316.87,316.87,0.0
9200,FFSU,XX,71.0,158.0,88,20122.0,LIPITOR (A,30.0,1.0,162.24,162.24,0.0
9201,FFSU,XX,71.0,158.0,92,20121.0,LIPITOR 80,1876.0,97.0,11176.13,11146.13,30.0
9202,FFSU,XX,71.0,158.0,92,20122.0,LIPITOR 80,1668.0,100.0,9903.71,9834.35,69.36
9203,FFSU,XX,71.0,158.0,92,20123.0,LIPITOR 80,839.0,42.0,3737.79,3722.79,15.0
9204,FFSU,XX,71.0,158.0,92,20124.0,LIPITOR 80,993.0,42.0,5762.5,5762.5,0.0
136296,MCOU,XX,71.0,158.0,23,20121.0,LIPITOR 80,69127.14,2379.0,1210421.28,1209550.93,870.35
136297,MCOU,XX,71.0,158.0,23,20122.0,LIPITOR 80,38983.0,1357.0,210300.15,180993.07,29307.08
136298,MCOU,XX,71.0,158.0,23,20123.0,LIPITOR 80,17014.0,591.0,92596.88,90217.54,2379.34
136299,MCOU,XX,71.0,158.0,23,20124.0,LIPITOR 80,12239.0,445.0,59745.74,59614.45,131.29
136300,MCOU,XX,71.0,158.0,73,20121.0,LIPITOR 80,795.0,27.0,5286.91,5280.61,6.3
136301,MCOU,XX,71.0,158.0,73,20122.0,LIPITOR 80,511.0,20.0,2982.34,2001.59,980.75
136302,MCOU,XX,71.0,158.0,73,20123.0,LIPITOR 80,2236.0,75.0,12834.84,12670.32,164.52
136303,MCOU,XX,71.0,158.0,73,20124.0,LIPITOR 80,660.0,22.0,3531.96,3531.96,0.0
136304,MCOU,XX,71.0,158.0,88,20122.0,LIPITOR 80,210.0,3.0,348.56,322.56,26.0
136305,MCOU,XX,71.0,158.0,92,20121.0,LIPITOR 80,4.0,4.0,22.34,22.34,0.0
136306,MCOU,XX,71.0,158.0,92,20122.0,LIPITOR 80,6.0,6.0,28.56,28.56,0.0
136307,MCOU,XX,71.0,158.0,92,20123.0,LIPITOR 80,5.0,5.0,7093.54,7093.54,0.0
136308,MCOU,XX,71.0,158.0,92,20124.0,LIPITOR 80,32.0,18.0,4014.0,4014.0,0.0
